segment,start_idx,end_idx,start_x,end_x,slope,intercept,n_points,RSS,R2
1,0,2362,167.31,9236903.640000015,0.000602840167069131,1806.9320821199426,2362,422258047.2864635,0.9371715805468889
